sample_name,timestamp,pred_label,confidence,xlsx_files
"pHistBytes_5, pHistBytes_6, pHistBytes_7",2025-10-31 17:43:49,stand,0.9897242784500122,"['D:\\Ti\\Gui_mmWave_HAR\\data_realtime\\pHistBytes_5.xlsx', 'D:\\Ti\\Gui_mmWave_HAR\\data_realtime\\pHistBytes_6.xlsx', 'D:\\Ti\\Gui_mmWave_HAR\\data_realtime\\pHistBytes_7.xlsx']"
"pHistBytes_8, pHistBytes_9, pHistBytes_10",2025-10-31 17:43:49,stand,0.9648540616035461,"['D:\\Ti\\Gui_mmWave_HAR\\data_realtime\\pHistBytes_8.xlsx', 'D:\\Ti\\Gui_mmWave_HAR\\data_realtime\\pHistBytes_9.xlsx', 'D:\\Ti\\Gui_mmWave_HAR\\data_realtime\\pHistBytes_10.xlsx']"
"pHistBytes_10, pHistBytes_11, pHistBytes_12",2025-10-31 17:43:50,stand,0.6188059449195862,"['D:\\Ti\\Gui_mmWave_HAR\\data_realtime\\pHistBytes_10.xlsx', 'D:\\Ti\\Gui_mmWave_HAR\\data_realtime\\pHistBytes_11.xlsx', 'D:\\Ti\\Gui_mmWave_HAR\\data_realtime\\pHistBytes_12.xlsx']"
"pHistBytes_12, pHistBytes_13, pHistBytes_14",2025-10-31 17:43:50,walk,0.9701293110847473,"['D:\\Ti\\Gui_mmWave_HAR\\data_realtime\\pHistBytes_12.xlsx', 'D:\\Ti\\Gui_mmWave_HAR\\data_realtime\\pHistBytes_13.xlsx', 'D:\\Ti\\Gui_mmWave_HAR\\data_realtime\\pHistBytes_14.xlsx']"
"pHistBytes_14, pHistBytes_15, pHistBytes_16",2025-10-31 17:43:50,run,0.7102054953575134,"['D:\\Ti\\Gui_mmWave_HAR\\data_realtime\\pHistBytes_14.xlsx', 'D:\\Ti\\Gui_mmWave_HAR\\data_realtime\\pHistBytes_15.xlsx', 'D:\\Ti\\Gui_mmWave_HAR\\data_realtime\\pHistBytes_16.xlsx']"
"pHistBytes_17, pHistBytes_18, pHistBytes_19",2025-10-31 17:43:50,run,0.532470703125,"['D:\\Ti\\Gui_mmWave_HAR\\data_realtime\\pHistBytes_17.xlsx', 'D:\\Ti\\Gui_mmWave_HAR\\data_realtime\\pHistBytes_18.xlsx', 'D:\\Ti\\Gui_mmWave_HAR\\data_realtime\\pHistBytes_19.xlsx']"
"pHistBytes_19, pHistBytes_20, pHistBytes_21",2025-10-31 17:43:51,walk,0.8948277235031128,"['D:\\Ti\\Gui_mmWave_HAR\\data_realtime\\pHistBytes_19.xlsx', 'D:\\Ti\\Gui_mmWave_HAR\\data_realtime\\pHistBytes_20.xlsx', 'D:\\Ti\\Gui_mmWave_HAR\\data_realtime\\pHistBytes_21.xlsx']"
"pHistBytes_20, pHistBytes_21, pHistBytes_22",2025-10-31 17:43:51,walk,0.947420060634613,"['D:\\Ti\\Gui_mmWave_HAR\\data_realtime\\pHistBytes_20.xlsx', 'D:\\Ti\\Gui_mmWave_HAR\\data_realtime\\pHistBytes_21.xlsx', 'D:\\Ti\\Gui_mmWave_HAR\\data_realtime\\pHistBytes_22.xlsx']"
"pHistBytes_22, pHistBytes_23, pHistBytes_24",2025-10-31 17:43:51,walk,0.7844122648239136,"['D:\\Ti\\Gui_mmWave_HAR\\data_realtime\\pHistBytes_22.xlsx', 'D:\\Ti\\Gui_mmWave_HAR\\data_realtime\\pHistBytes_23.xlsx', 'D:\\Ti\\Gui_mmWave_HAR\\data_realtime\\pHistBytes_24.xlsx']"
"pHistBytes_25, pHistBytes_26, pHistBytes_27",2025-10-31 17:43:51,walk,0.5799955129623413,"['D:\\Ti\\Gui_mmWave_HAR\\data_realtime\\pHistBytes_25.xlsx', 'D:\\Ti\\Gui_mmWave_HAR\\data_realtime\\pHistBytes_26.xlsx', 'D:\\Ti\\Gui_mmWave_HAR\\data_realtime\\pHistBytes_27.xlsx']"
"pHistBytes_26, pHistBytes_27, pHistBytes_28",2025-10-31 17:43:51,stand,0.5025568604469299,"['D:\\Ti\\Gui_mmWave_HAR\\data_realtime\\pHistBytes_26.xlsx', 'D:\\Ti\\Gui_mmWave_HAR\\data_realtime\\pHistBytes_27.xlsx', 'D:\\Ti\\Gui_mmWave_HAR\\data_realtime\\pHistBytes_28.xlsx']"
"pHistBytes_27, pHistBytes_28, pHistBytes_29",2025-10-31 17:43:52,stand,0.5203779339790344,"['D:\\Ti\\Gui_mmWave_HAR\\data_realtime\\pHistBytes_27.xlsx', 'D:\\Ti\\Gui_mmWave_HAR\\data_realtime\\pHistBytes_28.xlsx', 'D:\\Ti\\Gui_mmWave_HAR\\data_realtime\\pHistBytes_29.xlsx']"
"pHistBytes_30, pHistBytes_31, pHistBytes_32",2025-10-31 17:43:52,stand,0.983315646648407,"['D:\\Ti\\Gui_mmWave_HAR\\data_realtime\\pHistBytes_30.xlsx', 'D:\\Ti\\Gui_mmWave_HAR\\data_realtime\\pHistBytes_31.xlsx', 'D:\\Ti\\Gui_mmWave_HAR\\data_realtime\\pHistBytes_32.xlsx']"
"pHistBytes_33, pHistBytes_34, pHistBytes_35",2025-10-31 17:43:52,walk,0.8260663747787476,"['D:\\Ti\\Gui_mmWave_HAR\\data_realtime\\pHistBytes_33.xlsx', 'D:\\Ti\\Gui_mmWave_HAR\\data_realtime\\pHistBytes_34.xlsx', 'D:\\Ti\\Gui_mmWave_HAR\\data_realtime\\pHistBytes_35.xlsx']"
"pHistBytes_35, pHistBytes_36, pHistBytes_37",2025-10-31 17:43:52,walk,0.9899851083755493,"['D:\\Ti\\Gui_mmWave_HAR\\data_realtime\\pHistBytes_35.xlsx', 'D:\\Ti\\Gui_mmWave_HAR\\data_realtime\\pHistBytes_36.xlsx', 'D:\\Ti\\Gui_mmWave_HAR\\data_realtime\\pHistBytes_37.xlsx']"
"pHistBytes_37, pHistBytes_38, pHistBytes_39",2025-10-31 17:43:52,walk,0.982347846031189,"['D:\\Ti\\Gui_mmWave_HAR\\data_realtime\\pHistBytes_37.xlsx', 'D:\\Ti\\Gui_mmWave_HAR\\data_realtime\\pHistBytes_38.xlsx', 'D:\\Ti\\Gui_mmWave_HAR\\data_realtime\\pHistBytes_39.xlsx']"
"pHistBytes_39, pHistBytes_40, pHistBytes_41",2025-10-31 17:43:53,walk,0.9588890671730042,"['D:\\Ti\\Gui_mmWave_HAR\\data_realtime\\pHistBytes_39.xlsx', 'D:\\Ti\\Gui_mmWave_HAR\\data_realtime\\pHistBytes_40.xlsx', 'D:\\Ti\\Gui_mmWave_HAR\\data_realtime\\pHistBytes_41.xlsx']"
"pHistBytes_41, pHistBytes_42, pHistBytes_43",2025-10-31 17:43:53,walk,0.8531455993652344,"['D:\\Ti\\Gui_mmWave_HAR\\data_realtime\\pHistBytes_41.xlsx', 'D:\\Ti\\Gui_mmWave_HAR\\data_realtime\\pHistBytes_42.xlsx', 'D:\\Ti\\Gui_mmWave_HAR\\data_realtime\\pHistBytes_43.xlsx']"
"pHistBytes_43, pHistBytes_44, pHistBytes_45",2025-10-31 17:43:53,walk,0.66839599609375,"['D:\\Ti\\Gui_mmWave_HAR\\data_realtime\\pHistBytes_43.xlsx', 'D:\\Ti\\Gui_mmWave_HAR\\data_realtime\\pHistBytes_44.xlsx', 'D:\\Ti\\Gui_mmWave_HAR\\data_realtime\\pHistBytes_45.xlsx']"
"pHistBytes_45, pHistBytes_46, pHistBytes_47",2025-10-31 17:43:53,stand,0.9350435137748718,"['D:\\Ti\\Gui_mmWave_HAR\\data_realtime\\pHistBytes_45.xlsx', 'D:\\Ti\\Gui_mmWave_HAR\\data_realtime\\pHistBytes_46.xlsx', 'D:\\Ti\\Gui_mmWave_HAR\\data_realtime\\pHistBytes_47.xlsx']"
"pHistBytes_47, pHistBytes_48, pHistBytes_49",2025-10-31 17:43:53,stand,0.841436505317688,"['D:\\Ti\\Gui_mmWave_HAR\\data_realtime\\pHistBytes_47.xlsx', 'D:\\Ti\\Gui_mmWave_HAR\\data_realtime\\pHistBytes_48.xlsx', 'D:\\Ti\\Gui_mmWave_HAR\\data_realtime\\pHistBytes_49.xlsx']"
"pHistBytes_49, pHistBytes_50, pHistBytes_51",2025-10-31 17:43:54,walk,0.9406644701957703,"['D:\\Ti\\Gui_mmWave_HAR\\data_realtime\\pHistBytes_49.xlsx', 'D:\\Ti\\Gui_mmWave_HAR\\data_realtime\\pHistBytes_50.xlsx', 'D:\\Ti\\Gui_mmWave_HAR\\data_realtime\\pHistBytes_51.xlsx']"
"pHistBytes_51, pHistBytes_52, pHistBytes_53",2025-10-31 17:43:54,walk,0.9120180606842041,"['D:\\Ti\\Gui_mmWave_HAR\\data_realtime\\pHistBytes_51.xlsx', 'D:\\Ti\\Gui_mmWave_HAR\\data_realtime\\pHistBytes_52.xlsx', 'D:\\Ti\\Gui_mmWave_HAR\\data_realtime\\pHistBytes_53.xlsx']"
"pHistBytes_53, pHistBytes_54, pHistBytes_55",2025-10-31 17:43:54,stand,0.7691872715950012,"['D:\\Ti\\Gui_mmWave_HAR\\data_realtime\\pHistBytes_53.xlsx', 'D:\\Ti\\Gui_mmWave_HAR\\data_realtime\\pHistBytes_54.xlsx', 'D:\\Ti\\Gui_mmWave_HAR\\data_realtime\\pHistBytes_55.xlsx']"
"pHistBytes_55, pHistBytes_56, pHistBytes_57",2025-10-31 17:43:54,stand,0.9812551736831665,"['D:\\Ti\\Gui_mmWave_HAR\\data_realtime\\pHistBytes_55.xlsx', 'D:\\Ti\\Gui_mmWave_HAR\\data_realtime\\pHistBytes_56.xlsx', 'D:\\Ti\\Gui_mmWave_HAR\\data_realtime\\pHistBytes_57.xlsx']"
"pHistBytes_57, pHistBytes_58, pHistBytes_59",2025-10-31 17:43:54,stand,0.9832340478897095,"['D:\\Ti\\Gui_mmWave_HAR\\data_realtime\\pHistBytes_57.xlsx', 'D:\\Ti\\Gui_mmWave_HAR\\data_realtime\\pHistBytes_58.xlsx', 'D:\\Ti\\Gui_mmWave_HAR\\data_realtime\\pHistBytes_59.xlsx']"
"pHistBytes_59, pHistBytes_60, pHistBytes_61",2025-10-31 17:43:54,stand,0.9813041687011719,"['D:\\Ti\\Gui_mmWave_HAR\\data_realtime\\pHistBytes_59.xlsx', 'D:\\Ti\\Gui_mmWave_HAR\\data_realtime\\pHistBytes_60.xlsx', 'D:\\Ti\\Gui_mmWave_HAR\\data_realtime\\pHistBytes_61.xlsx']"
"pHistBytes_61, pHistBytes_62, pHistBytes_63",2025-10-31 17:43:55,stand,0.988795280456543,"['D:\\Ti\\Gui_mmWave_HAR\\data_realtime\\pHistBytes_61.xlsx', 'D:\\Ti\\Gui_mmWave_HAR\\data_realtime\\pHistBytes_62.xlsx', 'D:\\Ti\\Gui_mmWave_HAR\\data_realtime\\pHistBytes_63.xlsx']"
"pHistBytes_63, pHistBytes_64, pHistBytes_65",2025-10-31 17:43:55,stand,0.9375314712524414,"['D:\\Ti\\Gui_mmWave_HAR\\data_realtime\\pHistBytes_63.xlsx', 'D:\\Ti\\Gui_mmWave_HAR\\data_realtime\\pHistBytes_64.xlsx', 'D:\\Ti\\Gui_mmWave_HAR\\data_realtime\\pHistBytes_65.xlsx']"
"pHistBytes_65, pHistBytes_66, pHistBytes_67",2025-10-31 17:43:55,walk,0.8353587985038757,"['D:\\Ti\\Gui_mmWave_HAR\\data_realtime\\pHistBytes_65.xlsx', 'D:\\Ti\\Gui_mmWave_HAR\\data_realtime\\pHistBytes_66.xlsx', 'D:\\Ti\\Gui_mmWave_HAR\\data_realtime\\pHistBytes_67.xlsx']"
"pHistBytes_67, pHistBytes_68, pHistBytes_69",2025-10-31 17:43:55,walk,0.9753053188323975,"['D:\\Ti\\Gui_mmWave_HAR\\data_realtime\\pHistBytes_67.xlsx', 'D:\\Ti\\Gui_mmWave_HAR\\data_realtime\\pHistBytes_68.xlsx', 'D:\\Ti\\Gui_mmWave_HAR\\data_realtime\\pHistBytes_69.xlsx']"
"pHistBytes_69, pHistBytes_70, pHistBytes_71",2025-10-31 17:43:56,walk,0.9533528685569763,"['D:\\Ti\\Gui_mmWave_HAR\\data_realtime\\pHistBytes_69.xlsx', 'D:\\Ti\\Gui_mmWave_HAR\\data_realtime\\pHistBytes_70.xlsx', 'D:\\Ti\\Gui_mmWave_HAR\\data_realtime\\pHistBytes_71.xlsx']"
"pHistBytes_71, pHistBytes_72, pHistBytes_73",2025-10-31 17:43:56,walk,0.9369072914123535,"['D:\\Ti\\Gui_mmWave_HAR\\data_realtime\\pHistBytes_71.xlsx', 'D:\\Ti\\Gui_mmWave_HAR\\data_realtime\\pHistBytes_72.xlsx', 'D:\\Ti\\Gui_mmWave_HAR\\data_realtime\\pHistBytes_73.xlsx']"
"pHistBytes_73, pHistBytes_74, pHistBytes_75",2025-10-31 17:43:56,run,0.7290084958076477,"['D:\\Ti\\Gui_mmWave_HAR\\data_realtime\\pHistBytes_73.xlsx', 'D:\\Ti\\Gui_mmWave_HAR\\data_realtime\\pHistBytes_74.xlsx', 'D:\\Ti\\Gui_mmWave_HAR\\data_realtime\\pHistBytes_75.xlsx']"
"pHistBytes_75, pHistBytes_76, pHistBytes_77",2025-10-31 17:43:56,run,0.9805923700332642,"['D:\\Ti\\Gui_mmWave_HAR\\data_realtime\\pHistBytes_75.xlsx', 'D:\\Ti\\Gui_mmWave_HAR\\data_realtime\\pHistBytes_76.xlsx', 'D:\\Ti\\Gui_mmWave_HAR\\data_realtime\\pHistBytes_77.xlsx']"
"pHistBytes_77, pHistBytes_78, pHistBytes_79",2025-10-31 17:43:56,run,0.976341724395752,"['D:\\Ti\\Gui_mmWave_HAR\\data_realtime\\pHistBytes_77.xlsx', 'D:\\Ti\\Gui_mmWave_HAR\\data_realtime\\pHistBytes_78.xlsx', 'D:\\Ti\\Gui_mmWave_HAR\\data_realtime\\pHistBytes_79.xlsx']"
"pHistBytes_80, pHistBytes_81, pHistBytes_82",2025-10-31 17:43:57,run,0.9988273978233337,"['D:\\Ti\\Gui_mmWave_HAR\\data_realtime\\pHistBytes_80.xlsx', 'D:\\Ti\\Gui_mmWave_HAR\\data_realtime\\pHistBytes_81.xlsx', 'D:\\Ti\\Gui_mmWave_HAR\\data_realtime\\pHistBytes_82.xlsx']"
"pHistBytes_81, pHistBytes_82, pHistBytes_83",2025-10-31 17:43:57,run,0.9994774460792542,"['D:\\Ti\\Gui_mmWave_HAR\\data_realtime\\pHistBytes_81.xlsx', 'D:\\Ti\\Gui_mmWave_HAR\\data_realtime\\pHistBytes_82.xlsx', 'D:\\Ti\\Gui_mmWave_HAR\\data_realtime\\pHistBytes_83.xlsx']"
"pHistBytes_83, pHistBytes_84, pHistBytes_85",2025-10-31 17:43:57,run,0.9999932050704956,"['D:\\Ti\\Gui_mmWave_HAR\\data_realtime\\pHistBytes_83.xlsx', 'D:\\Ti\\Gui_mmWave_HAR\\data_realtime\\pHistBytes_84.xlsx', 'D:\\Ti\\Gui_mmWave_HAR\\data_realtime\\pHistBytes_85.xlsx']"
"pHistBytes_85, pHistBytes_86, pHistBytes_87",2025-10-31 17:43:57,run,0.9999939203262329,"['D:\\Ti\\Gui_mmWave_HAR\\data_realtime\\pHistBytes_85.xlsx', 'D:\\Ti\\Gui_mmWave_HAR\\data_realtime\\pHistBytes_86.xlsx', 'D:\\Ti\\Gui_mmWave_HAR\\data_realtime\\pHistBytes_87.xlsx']"
"pHistBytes_87, pHistBytes_88, pHistBytes_89",2025-10-31 17:43:57,run,0.999806821346283,"['D:\\Ti\\Gui_mmWave_HAR\\data_realtime\\pHistBytes_87.xlsx', 'D:\\Ti\\Gui_mmWave_HAR\\data_realtime\\pHistBytes_88.xlsx', 'D:\\Ti\\Gui_mmWave_HAR\\data_realtime\\pHistBytes_89.xlsx']"
"pHistBytes_89, pHistBytes_90, pHistBytes_91",2025-10-31 17:43:58,run,0.9997730851173401,"['D:\\Ti\\Gui_mmWave_HAR\\data_realtime\\pHistBytes_89.xlsx', 'D:\\Ti\\Gui_mmWave_HAR\\data_realtime\\pHistBytes_90.xlsx', 'D:\\Ti\\Gui_mmWave_HAR\\data_realtime\\pHistBytes_91.xlsx']"
"pHistBytes_91, pHistBytes_92, pHistBytes_93",2025-10-31 17:43:58,run,0.9999032020568848,"['D:\\Ti\\Gui_mmWave_HAR\\data_realtime\\pHistBytes_91.xlsx', 'D:\\Ti\\Gui_mmWave_HAR\\data_realtime\\pHistBytes_92.xlsx', 'D:\\Ti\\Gui_mmWave_HAR\\data_realtime\\pHistBytes_93.xlsx']"
"pHistBytes_92, pHistBytes_93, pHistBytes_94",2025-10-31 17:43:58,run,0.999883770942688,"['D:\\Ti\\Gui_mmWave_HAR\\data_realtime\\pHistBytes_92.xlsx', 'D:\\Ti\\Gui_mmWave_HAR\\data_realtime\\pHistBytes_93.xlsx', 'D:\\Ti\\Gui_mmWave_HAR\\data_realtime\\pHistBytes_94.xlsx']"
"pHistBytes_94, pHistBytes_95, pHistBytes_96",2025-10-31 17:43:58,run,0.9930685758590698,"['D:\\Ti\\Gui_mmWave_HAR\\data_realtime\\pHistBytes_94.xlsx', 'D:\\Ti\\Gui_mmWave_HAR\\data_realtime\\pHistBytes_95.xlsx', 'D:\\Ti\\Gui_mmWave_HAR\\data_realtime\\pHistBytes_96.xlsx']"
"pHistBytes_95, pHistBytes_96, pHistBytes_97",2025-10-31 17:43:58,run,0.9918427467346191,"['D:\\Ti\\Gui_mmWave_HAR\\data_realtime\\pHistBytes_95.xlsx', 'D:\\Ti\\Gui_mmWave_HAR\\data_realtime\\pHistBytes_96.xlsx', 'D:\\Ti\\Gui_mmWave_HAR\\data_realtime\\pHistBytes_97.xlsx']"
"pHistBytes_96, pHistBytes_97, pHistBytes_98",2025-10-31 17:43:58,run,0.9891436696052551,"['D:\\Ti\\Gui_mmWave_HAR\\data_realtime\\pHistBytes_96.xlsx', 'D:\\Ti\\Gui_mmWave_HAR\\data_realtime\\pHistBytes_97.xlsx', 'D:\\Ti\\Gui_mmWave_HAR\\data_realtime\\pHistBytes_98.xlsx']"
"pHistBytes_97, pHistBytes_98, pHistBytes_99",2025-10-31 17:43:59,run,0.989410400390625,"['D:\\Ti\\Gui_mmWave_HAR\\data_realtime\\pHistBytes_97.xlsx', 'D:\\Ti\\Gui_mmWave_HAR\\data_realtime\\pHistBytes_98.xlsx', 'D:\\Ti\\Gui_mmWave_HAR\\data_realtime\\pHistBytes_99.xlsx']"
"pHistBytes_99, pHistBytes_100, pHistBytes_101",2025-10-31 17:43:59,walk,0.5354312658309937,"['D:\\Ti\\Gui_mmWave_HAR\\data_realtime\\pHistBytes_99.xlsx', 'D:\\Ti\\Gui_mmWave_HAR\\data_realtime\\pHistBytes_100.xlsx', 'D:\\Ti\\Gui_mmWave_HAR\\data_realtime\\pHistBytes_101.xlsx']"
"pHistBytes_100, pHistBytes_101, pHistBytes_102",2025-10-31 17:43:59,walk,0.9138994216918945,"['D:\\Ti\\Gui_mmWave_HAR\\data_realtime\\pHistBytes_100.xlsx', 'D:\\Ti\\Gui_mmWave_HAR\\data_realtime\\pHistBytes_101.xlsx', 'D:\\Ti\\Gui_mmWave_HAR\\data_realtime\\pHistBytes_102.xlsx']"
"pHistBytes_102, pHistBytes_103, pHistBytes_104",2025-10-31 17:43:59,run,0.8403257131576538,"['D:\\Ti\\Gui_mmWave_HAR\\data_realtime\\pHistBytes_102.xlsx', 'D:\\Ti\\Gui_mmWave_HAR\\data_realtime\\pHistBytes_103.xlsx', 'D:\\Ti\\Gui_mmWave_HAR\\data_realtime\\pHistBytes_104.xlsx']"
"pHistBytes_103, pHistBytes_104, pHistBytes_105",2025-10-31 17:43:59,run,0.8267350792884827,"['D:\\Ti\\Gui_mmWave_HAR\\data_realtime\\pHistBytes_103.xlsx', 'D:\\Ti\\Gui_mmWave_HAR\\data_realtime\\pHistBytes_104.xlsx', 'D:\\Ti\\Gui_mmWave_HAR\\data_realtime\\pHistBytes_105.xlsx']"
"pHistBytes_105, pHistBytes_106, pHistBytes_107",2025-10-31 17:44:00,run,0.7745014429092407,"['D:\\Ti\\Gui_mmWave_HAR\\data_realtime\\pHistBytes_105.xlsx', 'D:\\Ti\\Gui_mmWave_HAR\\data_realtime\\pHistBytes_106.xlsx', 'D:\\Ti\\Gui_mmWave_HAR\\data_realtime\\pHistBytes_107.xlsx']"
"pHistBytes_107, pHistBytes_108, pHistBytes_109",2025-10-31 17:44:00,walk,0.5536738038063049,"['D:\\Ti\\Gui_mmWave_HAR\\data_realtime\\pHistBytes_107.xlsx', 'D:\\Ti\\Gui_mmWave_HAR\\data_realtime\\pHistBytes_108.xlsx', 'D:\\Ti\\Gui_mmWave_HAR\\data_realtime\\pHistBytes_109.xlsx']"
"pHistBytes_109, pHistBytes_110, pHistBytes_111",2025-10-31 17:44:00,run,0.5120823979377747,"['D:\\Ti\\Gui_mmWave_HAR\\data_realtime\\pHistBytes_109.xlsx', 'D:\\Ti\\Gui_mmWave_HAR\\data_realtime\\pHistBytes_110.xlsx', 'D:\\Ti\\Gui_mmWave_HAR\\data_realtime\\pHistBytes_111.xlsx']"
"pHistBytes_111, pHistBytes_112, pHistBytes_113",2025-10-31 17:44:00,walk,0.5557681918144226,"['D:\\Ti\\Gui_mmWave_HAR\\data_realtime\\pHistBytes_111.xlsx', 'D:\\Ti\\Gui_mmWave_HAR\\data_realtime\\pHistBytes_112.xlsx', 'D:\\Ti\\Gui_mmWave_HAR\\data_realtime\\pHistBytes_113.xlsx']"
"pHistBytes_112, pHistBytes_113, pHistBytes_114",2025-10-31 17:44:00,walk,0.5829043984413147,"['D:\\Ti\\Gui_mmWave_HAR\\data_realtime\\pHistBytes_112.xlsx', 'D:\\Ti\\Gui_mmWave_HAR\\data_realtime\\pHistBytes_113.xlsx', 'D:\\Ti\\Gui_mmWave_HAR\\data_realtime\\pHistBytes_114.xlsx']"
"pHistBytes_115, pHistBytes_116, pHistBytes_117",2025-10-31 17:44:00,run,0.9044880270957947,"['D:\\Ti\\Gui_mmWave_HAR\\data_realtime\\pHistBytes_115.xlsx', 'D:\\Ti\\Gui_mmWave_HAR\\data_realtime\\pHistBytes_116.xlsx', 'D:\\Ti\\Gui_mmWave_HAR\\data_realtime\\pHistBytes_117.xlsx']"
"pHistBytes_118, pHistBytes_119, pHistBytes_120",2025-10-31 17:44:01,run,0.9891735315322876,"['D:\\Ti\\Gui_mmWave_HAR\\data_realtime\\pHistBytes_118.xlsx', 'D:\\Ti\\Gui_mmWave_HAR\\data_realtime\\pHistBytes_119.xlsx', 'D:\\Ti\\Gui_mmWave_HAR\\data_realtime\\pHistBytes_120.xlsx']"
"pHistBytes_119, pHistBytes_120, pHistBytes_121",2025-10-31 17:44:01,run,0.9807261824607849,"['D:\\Ti\\Gui_mmWave_HAR\\data_realtime\\pHistBytes_119.xlsx', 'D:\\Ti\\Gui_mmWave_HAR\\data_realtime\\pHistBytes_120.xlsx', 'D:\\Ti\\Gui_mmWave_HAR\\data_realtime\\pHistBytes_121.xlsx']"
"pHistBytes_121, pHistBytes_122, pHistBytes_123",2025-10-31 17:44:01,run,0.9973543882369995,"['D:\\Ti\\Gui_mmWave_HAR\\data_realtime\\pHistBytes_121.xlsx', 'D:\\Ti\\Gui_mmWave_HAR\\data_realtime\\pHistBytes_122.xlsx', 'D:\\Ti\\Gui_mmWave_HAR\\data_realtime\\pHistBytes_123.xlsx']"
"pHistBytes_122, pHistBytes_123, pHistBytes_124",2025-10-31 17:44:01,run,0.9998975992202759,"['D:\\Ti\\Gui_mmWave_HAR\\data_realtime\\pHistBytes_122.xlsx', 'D:\\Ti\\Gui_mmWave_HAR\\data_realtime\\pHistBytes_123.xlsx', 'D:\\Ti\\Gui_mmWave_HAR\\data_realtime\\pHistBytes_124.xlsx']"
"pHistBytes_124, pHistBytes_125, pHistBytes_126",2025-10-31 17:44:01,run,0.9999978542327881,"['D:\\Ti\\Gui_mmWave_HAR\\data_realtime\\pHistBytes_124.xlsx', 'D:\\Ti\\Gui_mmWave_HAR\\data_realtime\\pHistBytes_125.xlsx', 'D:\\Ti\\Gui_mmWave_HAR\\data_realtime\\pHistBytes_126.xlsx']"
"pHistBytes_126, pHistBytes_127, pHistBytes_128",2025-10-31 17:44:02,run,0.9999855756759644,"['D:\\Ti\\Gui_mmWave_HAR\\data_realtime\\pHistBytes_126.xlsx', 'D:\\Ti\\Gui_mmWave_HAR\\data_realtime\\pHistBytes_127.xlsx', 'D:\\Ti\\Gui_mmWave_HAR\\data_realtime\\pHistBytes_128.xlsx']"
"pHistBytes_129, pHistBytes_130, pHistBytes_131",2025-10-31 17:44:02,run,0.9934530258178711,"['D:\\Ti\\Gui_mmWave_HAR\\data_realtime\\pHistBytes_129.xlsx', 'D:\\Ti\\Gui_mmWave_HAR\\data_realtime\\pHistBytes_130.xlsx', 'D:\\Ti\\Gui_mmWave_HAR\\data_realtime\\pHistBytes_131.xlsx']"
"pHistBytes_131, pHistBytes_132, pHistBytes_133",2025-10-31 17:44:02,run,0.9992443323135376,"['D:\\Ti\\Gui_mmWave_HAR\\data_realtime\\pHistBytes_131.xlsx', 'D:\\Ti\\Gui_mmWave_HAR\\data_realtime\\pHistBytes_132.xlsx', 'D:\\Ti\\Gui_mmWave_HAR\\data_realtime\\pHistBytes_133.xlsx']"
"pHistBytes_133, pHistBytes_134, pHistBytes_135",2025-10-31 17:44:03,run,0.9995089769363403,"['D:\\Ti\\Gui_mmWave_HAR\\data_realtime\\pHistBytes_133.xlsx', 'D:\\Ti\\Gui_mmWave_HAR\\data_realtime\\pHistBytes_134.xlsx', 'D:\\Ti\\Gui_mmWave_HAR\\data_realtime\\pHistBytes_135.xlsx']"
"pHistBytes_135, pHistBytes_136, pHistBytes_137",2025-10-31 17:44:03,run,0.9999499320983887,"['D:\\Ti\\Gui_mmWave_HAR\\data_realtime\\pHistBytes_135.xlsx', 'D:\\Ti\\Gui_mmWave_HAR\\data_realtime\\pHistBytes_136.xlsx', 'D:\\Ti\\Gui_mmWave_HAR\\data_realtime\\pHistBytes_137.xlsx']"
"pHistBytes_137, pHistBytes_138, pHistBytes_139",2025-10-31 17:44:03,run,0.9999995231628418,"['D:\\Ti\\Gui_mmWave_HAR\\data_realtime\\pHistBytes_137.xlsx', 'D:\\Ti\\Gui_mmWave_HAR\\data_realtime\\pHistBytes_138.xlsx', 'D:\\Ti\\Gui_mmWave_HAR\\data_realtime\\pHistBytes_139.xlsx']"
"pHistBytes_139, pHistBytes_140, pHistBytes_141",2025-10-31 17:44:03,run,0.9999988079071045,"['D:\\Ti\\Gui_mmWave_HAR\\data_realtime\\pHistBytes_139.xlsx', 'D:\\Ti\\Gui_mmWave_HAR\\data_realtime\\pHistBytes_140.xlsx', 'D:\\Ti\\Gui_mmWave_HAR\\data_realtime\\pHistBytes_141.xlsx']"
"pHistBytes_141, pHistBytes_142, pHistBytes_143",2025-10-31 17:44:04,run,0.9999943971633911,"['D:\\Ti\\Gui_mmWave_HAR\\data_realtime\\pHistBytes_141.xlsx', 'D:\\Ti\\Gui_mmWave_HAR\\data_realtime\\pHistBytes_142.xlsx', 'D:\\Ti\\Gui_mmWave_HAR\\data_realtime\\pHistBytes_143.xlsx']"
"pHistBytes_143, pHistBytes_144, pHistBytes_145",2025-10-31 17:44:04,run,0.9917879700660706,"['D:\\Ti\\Gui_mmWave_HAR\\data_realtime\\pHistBytes_143.xlsx', 'D:\\Ti\\Gui_mmWave_HAR\\data_realtime\\pHistBytes_144.xlsx', 'D:\\Ti\\Gui_mmWave_HAR\\data_realtime\\pHistBytes_145.xlsx']"
"pHistBytes_145, pHistBytes_146, pHistBytes_147",2025-10-31 17:44:04,run,0.5482886433601379,"['D:\\Ti\\Gui_mmWave_HAR\\data_realtime\\pHistBytes_145.xlsx', 'D:\\Ti\\Gui_mmWave_HAR\\data_realtime\\pHistBytes_146.xlsx', 'D:\\Ti\\Gui_mmWave_HAR\\data_realtime\\pHistBytes_147.xlsx']"
"pHistBytes_147, pHistBytes_148, pHistBytes_149",2025-10-31 17:44:04,run,0.9948505759239197,"['D:\\Ti\\Gui_mmWave_HAR\\data_realtime\\pHistBytes_147.xlsx', 'D:\\Ti\\Gui_mmWave_HAR\\data_realtime\\pHistBytes_148.xlsx', 'D:\\Ti\\Gui_mmWave_HAR\\data_realtime\\pHistBytes_149.xlsx']"
"pHistBytes_150, pHistBytes_151, pHistBytes_152",2025-10-31 17:44:05,run,0.9997970461845398,"['D:\\Ti\\Gui_mmWave_HAR\\data_realtime\\pHistBytes_150.xlsx', 'D:\\Ti\\Gui_mmWave_HAR\\data_realtime\\pHistBytes_151.xlsx', 'D:\\Ti\\Gui_mmWave_HAR\\data_realtime\\pHistBytes_152.xlsx']"
"pHistBytes_152, pHistBytes_153, pHistBytes_154",2025-10-31 17:44:05,run,0.999392032623291,"['D:\\Ti\\Gui_mmWave_HAR\\data_realtime\\pHistBytes_152.xlsx', 'D:\\Ti\\Gui_mmWave_HAR\\data_realtime\\pHistBytes_153.xlsx', 'D:\\Ti\\Gui_mmWave_HAR\\data_realtime\\pHistBytes_154.xlsx']"
"pHistBytes_154, pHistBytes_155, pHistBytes_156",2025-10-31 17:44:05,run,0.9992469549179077,"['D:\\Ti\\Gui_mmWave_HAR\\data_realtime\\pHistBytes_154.xlsx', 'D:\\Ti\\Gui_mmWave_HAR\\data_realtime\\pHistBytes_155.xlsx', 'D:\\Ti\\Gui_mmWave_HAR\\data_realtime\\pHistBytes_156.xlsx']"
"pHistBytes_156, pHistBytes_157, pHistBytes_158",2025-10-31 17:44:05,run,0.9514757394790649,"['D:\\Ti\\Gui_mmWave_HAR\\data_realtime\\pHistBytes_156.xlsx', 'D:\\Ti\\Gui_mmWave_HAR\\data_realtime\\pHistBytes_157.xlsx', 'D:\\Ti\\Gui_mmWave_HAR\\data_realtime\\pHistBytes_158.xlsx']"
"pHistBytes_158, pHistBytes_159, pHistBytes_160",2025-10-31 17:44:05,run,0.5887230038642883,"['D:\\Ti\\Gui_mmWave_HAR\\data_realtime\\pHistBytes_158.xlsx', 'D:\\Ti\\Gui_mmWave_HAR\\data_realtime\\pHistBytes_159.xlsx', 'D:\\Ti\\Gui_mmWave_HAR\\data_realtime\\pHistBytes_160.xlsx']"
"pHistBytes_160, pHistBytes_161, pHistBytes_162",2025-10-31 17:44:06,run,0.9821099638938904,"['D:\\Ti\\Gui_mmWave_HAR\\data_realtime\\pHistBytes_160.xlsx', 'D:\\Ti\\Gui_mmWave_HAR\\data_realtime\\pHistBytes_161.xlsx', 'D:\\Ti\\Gui_mmWave_HAR\\data_realtime\\pHistBytes_162.xlsx']"
"pHistBytes_162, pHistBytes_163, pHistBytes_164",2025-10-31 17:44:06,walk,0.6166283488273621,"['D:\\Ti\\Gui_mmWave_HAR\\data_realtime\\pHistBytes_162.xlsx', 'D:\\Ti\\Gui_mmWave_HAR\\data_realtime\\pHistBytes_163.xlsx', 'D:\\Ti\\Gui_mmWave_HAR\\data_realtime\\pHistBytes_164.xlsx']"
"pHistBytes_164, pHistBytes_165, pHistBytes_166",2025-10-31 17:44:06,walk,0.8994500041007996,"['D:\\Ti\\Gui_mmWave_HAR\\data_realtime\\pHistBytes_164.xlsx', 'D:\\Ti\\Gui_mmWave_HAR\\data_realtime\\pHistBytes_165.xlsx', 'D:\\Ti\\Gui_mmWave_HAR\\data_realtime\\pHistBytes_166.xlsx']"
"pHistBytes_166, pHistBytes_167, pHistBytes_168",2025-10-31 17:44:06,run,0.9923166036605835,"['D:\\Ti\\Gui_mmWave_HAR\\data_realtime\\pHistBytes_166.xlsx', 'D:\\Ti\\Gui_mmWave_HAR\\data_realtime\\pHistBytes_167.xlsx', 'D:\\Ti\\Gui_mmWave_HAR\\data_realtime\\pHistBytes_168.xlsx']"
"pHistBytes_168, pHistBytes_169, pHistBytes_170",2025-10-31 17:44:07,run,0.9999430179595947,"['D:\\Ti\\Gui_mmWave_HAR\\data_realtime\\pHistBytes_168.xlsx', 'D:\\Ti\\Gui_mmWave_HAR\\data_realtime\\pHistBytes_169.xlsx', 'D:\\Ti\\Gui_mmWave_HAR\\data_realtime\\pHistBytes_170.xlsx']"
"pHistBytes_170, pHistBytes_171, pHistBytes_172",2025-10-31 17:44:07,run,0.9907912015914917,"['D:\\Ti\\Gui_mmWave_HAR\\data_realtime\\pHistBytes_170.xlsx', 'D:\\Ti\\Gui_mmWave_HAR\\data_realtime\\pHistBytes_171.xlsx', 'D:\\Ti\\Gui_mmWave_HAR\\data_realtime\\pHistBytes_172.xlsx']"
"pHistBytes_172, pHistBytes_173, pHistBytes_174",2025-10-31 17:44:07,run,0.9641993045806885,"['D:\\Ti\\Gui_mmWave_HAR\\data_realtime\\pHistBytes_172.xlsx', 'D:\\Ti\\Gui_mmWave_HAR\\data_realtime\\pHistBytes_173.xlsx', 'D:\\Ti\\Gui_mmWave_HAR\\data_realtime\\pHistBytes_174.xlsx']"
"pHistBytes_174, pHistBytes_175, pHistBytes_176",2025-10-31 17:44:07,run,0.9782659411430359,"['D:\\Ti\\Gui_mmWave_HAR\\data_realtime\\pHistBytes_174.xlsx', 'D:\\Ti\\Gui_mmWave_HAR\\data_realtime\\pHistBytes_175.xlsx', 'D:\\Ti\\Gui_mmWave_HAR\\data_realtime\\pHistBytes_176.xlsx']"
"pHistBytes_176, pHistBytes_177, pHistBytes_178",2025-10-31 17:44:07,run,0.9493632912635803,"['D:\\Ti\\Gui_mmWave_HAR\\data_realtime\\pHistBytes_176.xlsx', 'D:\\Ti\\Gui_mmWave_HAR\\data_realtime\\pHistBytes_177.xlsx', 'D:\\Ti\\Gui_mmWave_HAR\\data_realtime\\pHistBytes_178.xlsx']"
"pHistBytes_178, pHistBytes_179, pHistBytes_180",2025-10-31 17:44:08,run,0.5802980661392212,"['D:\\Ti\\Gui_mmWave_HAR\\data_realtime\\pHistBytes_178.xlsx', 'D:\\Ti\\Gui_mmWave_HAR\\data_realtime\\pHistBytes_179.xlsx', 'D:\\Ti\\Gui_mmWave_HAR\\data_realtime\\pHistBytes_180.xlsx']"
"pHistBytes_180, pHistBytes_181, pHistBytes_182",2025-10-31 17:44:08,walk,0.7408407330513,"['D:\\Ti\\Gui_mmWave_HAR\\data_realtime\\pHistBytes_180.xlsx', 'D:\\Ti\\Gui_mmWave_HAR\\data_realtime\\pHistBytes_181.xlsx', 'D:\\Ti\\Gui_mmWave_HAR\\data_realtime\\pHistBytes_182.xlsx']"
"pHistBytes_182, pHistBytes_183, pHistBytes_184",2025-10-31 17:44:08,run,0.5628771185874939,"['D:\\Ti\\Gui_mmWave_HAR\\data_realtime\\pHistBytes_182.xlsx', 'D:\\Ti\\Gui_mmWave_HAR\\data_realtime\\pHistBytes_183.xlsx', 'D:\\Ti\\Gui_mmWave_HAR\\data_realtime\\pHistBytes_184.xlsx']"
"pHistBytes_184, pHistBytes_185, pHistBytes_186",2025-10-31 17:44:08,run,0.8340218663215637,"['D:\\Ti\\Gui_mmWave_HAR\\data_realtime\\pHistBytes_184.xlsx', 'D:\\Ti\\Gui_mmWave_HAR\\data_realtime\\pHistBytes_185.xlsx', 'D:\\Ti\\Gui_mmWave_HAR\\data_realtime\\pHistBytes_186.xlsx']"
"pHistBytes_186, pHistBytes_187, pHistBytes_188",2025-10-31 17:44:08,run,0.6558230519294739,"['D:\\Ti\\Gui_mmWave_HAR\\data_realtime\\pHistBytes_186.xlsx', 'D:\\Ti\\Gui_mmWave_HAR\\data_realtime\\pHistBytes_187.xlsx', 'D:\\Ti\\Gui_mmWave_HAR\\data_realtime\\pHistBytes_188.xlsx']"
"pHistBytes_188, pHistBytes_189, pHistBytes_190",2025-10-31 17:44:09,run,0.9750211238861084,"['D:\\Ti\\Gui_mmWave_HAR\\data_realtime\\pHistBytes_188.xlsx', 'D:\\Ti\\Gui_mmWave_HAR\\data_realtime\\pHistBytes_189.xlsx', 'D:\\Ti\\Gui_mmWave_HAR\\data_realtime\\pHistBytes_190.xlsx']"
"pHistBytes_190, pHistBytes_191, pHistBytes_192",2025-10-31 17:44:09,run,0.9941533207893372,"['D:\\Ti\\Gui_mmWave_HAR\\data_realtime\\pHistBytes_190.xlsx', 'D:\\Ti\\Gui_mmWave_HAR\\data_realtime\\pHistBytes_191.xlsx', 'D:\\Ti\\Gui_mmWave_HAR\\data_realtime\\pHistBytes_192.xlsx']"
"pHistBytes_192, pHistBytes_193, pHistBytes_194",2025-10-31 17:44:09,run,0.9999904632568359,"['D:\\Ti\\Gui_mmWave_HAR\\data_realtime\\pHistBytes_192.xlsx', 'D:\\Ti\\Gui_mmWave_HAR\\data_realtime\\pHistBytes_193.xlsx', 'D:\\Ti\\Gui_mmWave_HAR\\data_realtime\\pHistBytes_194.xlsx']"
"pHistBytes_194, pHistBytes_195, pHistBytes_196",2025-10-31 17:44:09,run,0.9999580383300781,"['D:\\Ti\\Gui_mmWave_HAR\\data_realtime\\pHistBytes_194.xlsx', 'D:\\Ti\\Gui_mmWave_HAR\\data_realtime\\pHistBytes_195.xlsx', 'D:\\Ti\\Gui_mmWave_HAR\\data_realtime\\pHistBytes_196.xlsx']"
"pHistBytes_196, pHistBytes_197, pHistBytes_198",2025-10-31 17:44:09,run,0.9999241828918457,"['D:\\Ti\\Gui_mmWave_HAR\\data_realtime\\pHistBytes_196.xlsx', 'D:\\Ti\\Gui_mmWave_HAR\\data_realtime\\pHistBytes_197.xlsx', 'D:\\Ti\\Gui_mmWave_HAR\\data_realtime\\pHistBytes_198.xlsx']"
"pHistBytes_199, pHistBytes_200, pHistBytes_201",2025-10-31 17:44:10,run,0.9976022839546204,"['D:\\Ti\\Gui_mmWave_HAR\\data_realtime\\pHistBytes_199.xlsx', 'D:\\Ti\\Gui_mmWave_HAR\\data_realtime\\pHistBytes_200.xlsx', 'D:\\Ti\\Gui_mmWave_HAR\\data_realtime\\pHistBytes_201.xlsx']"
"pHistBytes_200, pHistBytes_201, pHistBytes_202",2025-10-31 17:44:10,run,0.9924190044403076,"['D:\\Ti\\Gui_mmWave_HAR\\data_realtime\\pHistBytes_200.xlsx', 'D:\\Ti\\Gui_mmWave_HAR\\data_realtime\\pHistBytes_201.xlsx', 'D:\\Ti\\Gui_mmWave_HAR\\data_realtime\\pHistBytes_202.xlsx']"
"pHistBytes_202, pHistBytes_203, pHistBytes_204",2025-10-31 17:44:10,run,0.9882358908653259,"['D:\\Ti\\Gui_mmWave_HAR\\data_realtime\\pHistBytes_202.xlsx', 'D:\\Ti\\Gui_mmWave_HAR\\data_realtime\\pHistBytes_203.xlsx', 'D:\\Ti\\Gui_mmWave_HAR\\data_realtime\\pHistBytes_204.xlsx']"
"pHistBytes_204, pHistBytes_205, pHistBytes_206",2025-10-31 17:44:10,run,0.5344264507293701,"['D:\\Ti\\Gui_mmWave_HAR\\data_realtime\\pHistBytes_204.xlsx', 'D:\\Ti\\Gui_mmWave_HAR\\data_realtime\\pHistBytes_205.xlsx', 'D:\\Ti\\Gui_mmWave_HAR\\data_realtime\\pHistBytes_206.xlsx']"
"pHistBytes_206, pHistBytes_207, pHistBytes_208",2025-10-31 17:44:11,walk,0.9525418281555176,"['D:\\Ti\\Gui_mmWave_HAR\\data_realtime\\pHistBytes_206.xlsx', 'D:\\Ti\\Gui_mmWave_HAR\\data_realtime\\pHistBytes_207.xlsx', 'D:\\Ti\\Gui_mmWave_HAR\\data_realtime\\pHistBytes_208.xlsx']"
"pHistBytes_208, pHistBytes_209, pHistBytes_210",2025-10-31 17:44:11,walk,0.9983501434326172,"['D:\\Ti\\Gui_mmWave_HAR\\data_realtime\\pHistBytes_208.xlsx', 'D:\\Ti\\Gui_mmWave_HAR\\data_realtime\\pHistBytes_209.xlsx', 'D:\\Ti\\Gui_mmWave_HAR\\data_realtime\\pHistBytes_210.xlsx']"
"pHistBytes_210, pHistBytes_211, pHistBytes_212",2025-10-31 17:44:11,walk,0.6095314025878906,"['D:\\Ti\\Gui_mmWave_HAR\\data_realtime\\pHistBytes_210.xlsx', 'D:\\Ti\\Gui_mmWave_HAR\\data_realtime\\pHistBytes_211.xlsx', 'D:\\Ti\\Gui_mmWave_HAR\\data_realtime\\pHistBytes_212.xlsx']"
"pHistBytes_212, pHistBytes_213, pHistBytes_214",2025-10-31 17:44:11,walk,0.9064560532569885,"['D:\\Ti\\Gui_mmWave_HAR\\data_realtime\\pHistBytes_212.xlsx', 'D:\\Ti\\Gui_mmWave_HAR\\data_realtime\\pHistBytes_213.xlsx', 'D:\\Ti\\Gui_mmWave_HAR\\data_realtime\\pHistBytes_214.xlsx']"
"pHistBytes_214, pHistBytes_215, pHistBytes_216",2025-10-31 17:44:11,walk,0.595981776714325,"['D:\\Ti\\Gui_mmWave_HAR\\data_realtime\\pHistBytes_214.xlsx', 'D:\\Ti\\Gui_mmWave_HAR\\data_realtime\\pHistBytes_215.xlsx', 'D:\\Ti\\Gui_mmWave_HAR\\data_realtime\\pHistBytes_216.xlsx']"
"pHistBytes_216, pHistBytes_217, pHistBytes_218",2025-10-31 17:44:12,run,0.6307132244110107,"['D:\\Ti\\Gui_mmWave_HAR\\data_realtime\\pHistBytes_216.xlsx', 'D:\\Ti\\Gui_mmWave_HAR\\data_realtime\\pHistBytes_217.xlsx', 'D:\\Ti\\Gui_mmWave_HAR\\data_realtime\\pHistBytes_218.xlsx']"
"pHistBytes_218, pHistBytes_219, pHistBytes_220",2025-10-31 17:44:12,run,0.8737442493438721,"['D:\\Ti\\Gui_mmWave_HAR\\data_realtime\\pHistBytes_218.xlsx', 'D:\\Ti\\Gui_mmWave_HAR\\data_realtime\\pHistBytes_219.xlsx', 'D:\\Ti\\Gui_mmWave_HAR\\data_realtime\\pHistBytes_220.xlsx']"
"pHistBytes_220, pHistBytes_221, pHistBytes_222",2025-10-31 17:44:12,run,0.8523364663124084,"['D:\\Ti\\Gui_mmWave_HAR\\data_realtime\\pHistBytes_220.xlsx', 'D:\\Ti\\Gui_mmWave_HAR\\data_realtime\\pHistBytes_221.xlsx', 'D:\\Ti\\Gui_mmWave_HAR\\data_realtime\\pHistBytes_222.xlsx']"
"pHistBytes_222, pHistBytes_223, pHistBytes_224",2025-10-31 17:44:12,walk,0.7300910949707031,"['D:\\Ti\\Gui_mmWave_HAR\\data_realtime\\pHistBytes_222.xlsx', 'D:\\Ti\\Gui_mmWave_HAR\\data_realtime\\pHistBytes_223.xlsx', 'D:\\Ti\\Gui_mmWave_HAR\\data_realtime\\pHistBytes_224.xlsx']"
"pHistBytes_224, pHistBytes_225, pHistBytes_226",2025-10-31 17:44:12,walk,0.9514866471290588,"['D:\\Ti\\Gui_mmWave_HAR\\data_realtime\\pHistBytes_224.xlsx', 'D:\\Ti\\Gui_mmWave_HAR\\data_realtime\\pHistBytes_225.xlsx', 'D:\\Ti\\Gui_mmWave_HAR\\data_realtime\\pHistBytes_226.xlsx']"
"pHistBytes_226, pHistBytes_227, pHistBytes_228",2025-10-31 17:44:13,walk,0.8449538350105286,"['D:\\Ti\\Gui_mmWave_HAR\\data_realtime\\pHistBytes_226.xlsx', 'D:\\Ti\\Gui_mmWave_HAR\\data_realtime\\pHistBytes_227.xlsx', 'D:\\Ti\\Gui_mmWave_HAR\\data_realtime\\pHistBytes_228.xlsx']"
"pHistBytes_228, pHistBytes_229, pHistBytes_230",2025-10-31 17:44:13,walk,0.8037327527999878,"['D:\\Ti\\Gui_mmWave_HAR\\data_realtime\\pHistBytes_228.xlsx', 'D:\\Ti\\Gui_mmWave_HAR\\data_realtime\\pHistBytes_229.xlsx', 'D:\\Ti\\Gui_mmWave_HAR\\data_realtime\\pHistBytes_230.xlsx']"
"pHistBytes_230, pHistBytes_231, pHistBytes_232",2025-10-31 17:44:13,walk,0.8624414205551147,"['D:\\Ti\\Gui_mmWave_HAR\\data_realtime\\pHistBytes_230.xlsx', 'D:\\Ti\\Gui_mmWave_HAR\\data_realtime\\pHistBytes_231.xlsx', 'D:\\Ti\\Gui_mmWave_HAR\\data_realtime\\pHistBytes_232.xlsx']"
"pHistBytes_232, pHistBytes_233, pHistBytes_234",2025-10-31 17:44:13,walk,0.9051518440246582,"['D:\\Ti\\Gui_mmWave_HAR\\data_realtime\\pHistBytes_232.xlsx', 'D:\\Ti\\Gui_mmWave_HAR\\data_realtime\\pHistBytes_233.xlsx', 'D:\\Ti\\Gui_mmWave_HAR\\data_realtime\\pHistBytes_234.xlsx']"
"pHistBytes_234, pHistBytes_235, pHistBytes_236",2025-10-31 17:44:13,walk,0.8587666749954224,"['D:\\Ti\\Gui_mmWave_HAR\\data_realtime\\pHistBytes_234.xlsx', 'D:\\Ti\\Gui_mmWave_HAR\\data_realtime\\pHistBytes_235.xlsx', 'D:\\Ti\\Gui_mmWave_HAR\\data_realtime\\pHistBytes_236.xlsx']"
"pHistBytes_235, pHistBytes_236, pHistBytes_237",2025-10-31 17:44:14,stand,0.5932232737541199,"['D:\\Ti\\Gui_mmWave_HAR\\data_realtime\\pHistBytes_235.xlsx', 'D:\\Ti\\Gui_mmWave_HAR\\data_realtime\\pHistBytes_236.xlsx', 'D:\\Ti\\Gui_mmWave_HAR\\data_realtime\\pHistBytes_237.xlsx']"
"pHistBytes_238, pHistBytes_239, pHistBytes_240",2025-10-31 17:44:14,stand,0.6746224761009216,"['D:\\Ti\\Gui_mmWave_HAR\\data_realtime\\pHistBytes_238.xlsx', 'D:\\Ti\\Gui_mmWave_HAR\\data_realtime\\pHistBytes_239.xlsx', 'D:\\Ti\\Gui_mmWave_HAR\\data_realtime\\pHistBytes_240.xlsx']"
"pHistBytes_239, pHistBytes_240, pHistBytes_241",2025-10-31 17:44:14,stand,0.6407566666603088,"['D:\\Ti\\Gui_mmWave_HAR\\data_realtime\\pHistBytes_239.xlsx', 'D:\\Ti\\Gui_mmWave_HAR\\data_realtime\\pHistBytes_240.xlsx', 'D:\\Ti\\Gui_mmWave_HAR\\data_realtime\\pHistBytes_241.xlsx']"
"pHistBytes_241, pHistBytes_242, pHistBytes_243",2025-10-31 17:44:14,walk,0.7885884642601013,"['D:\\Ti\\Gui_mmWave_HAR\\data_realtime\\pHistBytes_241.xlsx', 'D:\\Ti\\Gui_mmWave_HAR\\data_realtime\\pHistBytes_242.xlsx', 'D:\\Ti\\Gui_mmWave_HAR\\data_realtime\\pHistBytes_243.xlsx']"
"pHistBytes_242, pHistBytes_243, pHistBytes_244",2025-10-31 17:44:14,walk,0.8278056383132935,"['D:\\Ti\\Gui_mmWave_HAR\\data_realtime\\pHistBytes_242.xlsx', 'D:\\Ti\\Gui_mmWave_HAR\\data_realtime\\pHistBytes_243.xlsx', 'D:\\Ti\\Gui_mmWave_HAR\\data_realtime\\pHistBytes_244.xlsx']"
"pHistBytes_244, pHistBytes_245, pHistBytes_246",2025-10-31 17:44:15,walk,0.9670063257217407,"['D:\\Ti\\Gui_mmWave_HAR\\data_realtime\\pHistBytes_244.xlsx', 'D:\\Ti\\Gui_mmWave_HAR\\data_realtime\\pHistBytes_245.xlsx', 'D:\\Ti\\Gui_mmWave_HAR\\data_realtime\\pHistBytes_246.xlsx']"
"pHistBytes_246, pHistBytes_247, pHistBytes_248",2025-10-31 17:44:15,walk,0.5898057818412781,"['D:\\Ti\\Gui_mmWave_HAR\\data_realtime\\pHistBytes_246.xlsx', 'D:\\Ti\\Gui_mmWave_HAR\\data_realtime\\pHistBytes_247.xlsx', 'D:\\Ti\\Gui_mmWave_HAR\\data_realtime\\pHistBytes_248.xlsx']"
"pHistBytes_248, pHistBytes_249, pHistBytes_250",2025-10-31 17:44:15,stand,0.9765675663948059,"['D:\\Ti\\Gui_mmWave_HAR\\data_realtime\\pHistBytes_248.xlsx', 'D:\\Ti\\Gui_mmWave_HAR\\data_realtime\\pHistBytes_249.xlsx', 'D:\\Ti\\Gui_mmWave_HAR\\data_realtime\\pHistBytes_250.xlsx']"
"pHistBytes_250, pHistBytes_251, pHistBytes_252",2025-10-31 17:44:15,stand,0.9561358094215393,"['D:\\Ti\\Gui_mmWave_HAR\\data_realtime\\pHistBytes_250.xlsx', 'D:\\Ti\\Gui_mmWave_HAR\\data_realtime\\pHistBytes_251.xlsx', 'D:\\Ti\\Gui_mmWave_HAR\\data_realtime\\pHistBytes_252.xlsx']"
"pHistBytes_253, pHistBytes_254, pHistBytes_255",2025-10-31 17:44:15,stand,0.9029762744903564,"['D:\\Ti\\Gui_mmWave_HAR\\data_realtime\\pHistBytes_253.xlsx', 'D:\\Ti\\Gui_mmWave_HAR\\data_realtime\\pHistBytes_254.xlsx', 'D:\\Ti\\Gui_mmWave_HAR\\data_realtime\\pHistBytes_255.xlsx']"
"pHistBytes_255, pHistBytes_256, pHistBytes_257",2025-10-31 17:44:16,stand,0.8943777680397034,"['D:\\Ti\\Gui_mmWave_HAR\\data_realtime\\pHistBytes_255.xlsx', 'D:\\Ti\\Gui_mmWave_HAR\\data_realtime\\pHistBytes_256.xlsx', 'D:\\Ti\\Gui_mmWave_HAR\\data_realtime\\pHistBytes_257.xlsx']"
"pHistBytes_257, pHistBytes_258, pHistBytes_259",2025-10-31 17:44:16,stand,0.9596807956695557,"['D:\\Ti\\Gui_mmWave_HAR\\data_realtime\\pHistBytes_257.xlsx', 'D:\\Ti\\Gui_mmWave_HAR\\data_realtime\\pHistBytes_258.xlsx', 'D:\\Ti\\Gui_mmWave_HAR\\data_realtime\\pHistBytes_259.xlsx']"
"pHistBytes_259, pHistBytes_260, pHistBytes_261",2025-10-31 17:44:16,stand,0.9819091558456421,"['D:\\Ti\\Gui_mmWave_HAR\\data_realtime\\pHistBytes_259.xlsx', 'D:\\Ti\\Gui_mmWave_HAR\\data_realtime\\pHistBytes_260.xlsx', 'D:\\Ti\\Gui_mmWave_HAR\\data_realtime\\pHistBytes_261.xlsx']"
